<CompuCell3D>

    <Potts>
        <Dimensions x="101" y="101" z="1"/>
        <Anneal>0</Anneal>
        <Steps>5000</Steps>
        <Temperature>30</Temperature>
        <Flip2DimRatio>1.0</Flip2DimRatio>
        <Boundary_y>Periodic</Boundary_y>
        <Boundary_x>Periodic</Boundary_x>
        <FlipNeighborMaxDistance>3</FlipNeighborMaxDistance>
    </Potts>
    
    <Plugin Name="CellType">
        <CellType TypeName="Medium" TypeId="0"/>
        <CellType TypeName="foam_small" TypeId="1"/>
        <CellType TypeName="foam_medium" TypeId="2"/>
        <CellType TypeName="foam_large" TypeId="3"/>        
    </Plugin>
    
    <Plugin Name="Contact">
        <Energy Type1="Medium" Type2="foam_small">0</Energy>
        <Energy Type1="Medium" Type2="foam_large">0</Energy>
        <Energy Type1="Medium" Type2="foam_medium">0</Energy>
        <Energy Type1="foam_small" Type2="foam_small">50</Energy>
        <Energy Type1="foam_small" Type2="foam_medium">50</Energy>        
        <Energy Type1="foam_small" Type2="foam_large">50</Energy>
        <Energy Type1="foam_medium" Type2="foam_medium">50</Energy>
        <Energy Type1="foam_medium" Type2="foam_large">50</Energy>
        <Energy Type1="foam_large" Type2="foam_large">50</Energy>
        <NeighborOrder>3</NeighborOrder>
    </Plugin>
    
    <Plugin Name="NeighborTracker"/>
    
    <Steppable Type="PIFInitializer">
        <PIFName>foaminit2D.piff</PIFName>
    </Steppable>
    
</CompuCell3D>